,symbol,token,opening,closing,prevClose,returns90,returns
0,"151    UTISENSETF-EQ
Name: TradingSymbol, dtype: object",10515,781.15,871.77,871.54,11.600844908148243,0.026390068155221585
1,"168    UTINIFTETF-EQ
Name: TradingSymbol, dtype: object",10511,238.14,266.92,266.6,12.085327958343843,0.1200300075018729
2,"185    UTIBANKETF-EQ
Name: TradingSymbol, dtype: object",22440,47.92,53.64,53.6,11.936560934891483,0.0746268656716402
3,"292    TNIDETF-EQ
Name: TradingSymbol, dtype: object",8882,78.89,89.44,90.19,13.37305108378755,-0.8315777802417119
4,"520    SILVRETF-EQ
Name: TradingSymbol, dtype: object",16777,83.29,91.2,91.0,9.496938407972142,0.2197802197802229
5,"522    SILVERIETF-EQ
Name: TradingSymbol, dtype: object",7942,85.09,93.37,92.95,9.730873193089671,0.4518558364712229
6,"523    SILVERETF-EQ
Name: TradingSymbol, dtype: object",15085,83.97,92.85,92.61,10.575205430510891,0.2591512795594373
7,"717    SETFNN50-EQ
Name: TradingSymbol, dtype: object",7353,656.66,783.96,786.0,19.385983614046854,-0.2595419847328198
8,"718    SETFNIFBK-EQ
Name: TradingSymbol, dtype: object",7361,476.5,533.31,533.15,11.922350472193063,0.030010316046134893
9,"719    SETFNIF50-EQ
Name: TradingSymbol, dtype: object",10176,231.25,258.63,258.6,11.839999999999998,0.011600928074235387
10,"720    SETFGOLD-EQ
Name: TradingSymbol, dtype: object",17272,63.9,64.32,63.89,0.6572769953051559,0.6730317733604517
11,"721    SETF10GILT-EQ
Name: TradingSymbol, dtype: object",17395,227.44,233.49,232.6,2.6600422089342293,0.3826311263972549
12,"729    SENSEXIETF-EQ
Name: TradingSymbol, dtype: object",4378,813.0,907.0,908.16,11.562115621156211,-0.12773079633544399
13,"730    SENSEXETF-EQ
Name: TradingSymbol, dtype: object",19224,74.39,81.52,81.5,9.584621588923236,0.024539877300608616
14,"757    SBIETFQLTY-EQ
Name: TradingSymbol, dtype: object",7218,195.76,232.24,232.02,18.63506334286883,0.09481941211964437
15,"758    SBIETFPB-EQ
Name: TradingSymbol, dtype: object",722,241.13,265.07,265.0,9.928254468543939,0.026415094339620068
16,"759    SBIETFIT-EQ
Name: TradingSymbol, dtype: object",740,355.0,416.65,417.0,17.366197183098585,-0.08393285371703184
17,"760    SBIETFCON-EQ
Name: TradingSymbol, dtype: object",5168,102.33,116.75,116.69,14.091664223590348,0.05141828777101917
18,"935    QUAL30IETF-EQ
Name: TradingSymbol, dtype: object",17808,185.8,22.09,22.05,-88.11087190527448,0.18140589569160612
19,"943    PVTBANIETF-EQ
Name: TradingSymbol, dtype: object",11386,23.75,26.2,26.26,10.315789473684209,-0.22848438690023712
20,"954    PSUBNKIETF-EQ
Name: TradingSymbol, dtype: object",14584,70.0,75.0,75.3,7.142857142857143,-0.3984063745019883
21,"1135    NV20IETF-EQ
Name: TradingSymbol, dtype: object",17475,13.28,15.39,15.35,15.88855421686748,0.26058631921824704
22,"1176    NIFTYIETF-EQ
Name: TradingSymbol, dtype: object",29553,243.37,272.19,271.64,11.842051197764716,0.20247386246503143
23,"1177    NIFTYETF-EQ
Name: TradingSymbol, dtype: object",6353,233.26,261.39,261.04,12.059504415673496,0.13407906834200348
24,"1178    NIFTYBETF-EQ
Name: TradingSymbol, dtype: object",21959,221.22,248.42,247.82,12.295452490733203,0.2421112097490091
25,"1183    NIFITETF-EQ
Name: TradingSymbol, dtype: object",22488,335.13,395.0,399.0,17.86470921731865,-1.0025062656641603
26,"1184    NIF5GETF-EQ
Name: TradingSymbol, dtype: object",22521,55.02,56.69,57.0,3.0352599054889033,-0.543859649122811
27,"1185    NIF10GETF-EQ
Name: TradingSymbol, dtype: object",22524,23.09,23.73,23.38,2.7717626678215703,1.4970059880239583
28,"1186    NIF100IETF-EQ
Name: TradingSymbol, dtype: object",30392,250.0,28.3,28.26,-88.68,0.14154281670204935
29,"1200    NEXT50IETF-EQ
Name: TradingSymbol, dtype: object",4529,64.63,77.0,77.24,19.139718397029252,-0.31071983428274846
30,"1207    NETF-EQ
Name: TradingSymbol, dtype: object",7838,236.9,262.15,262.0,10.658505698606996,0.05725190839693789
31,"1296    MOM30IETF-EQ
Name: TradingSymbol, dtype: object",10585,31.65,37.03,37.25,16.998420221169045,-0.5906040268456345
32,"1326    MIDSELIETF-EQ
Name: TradingSymbol, dtype: object",17702,149.5,18.0,17.95,-87.95986622073579,0.27855153203343014
33,"1329    MIDCAPIETF-EQ
Name: TradingSymbol, dtype: object",17152,186.4,21.99,21.92,-88.20278969957081,0.3193430656934157
34,"1330    MIDCAPETF-EQ
Name: TradingSymbol, dtype: object",8413,18.45,21.71,21.7,17.669376693766946,0.046082949308762965
35,"1456    LOWVOLIETF-EQ
Name: TradingSymbol, dtype: object",21254,19.22,21.51,21.5,11.914672216441222,0.046511627906984016
36,"1468    LIQUIDIETF-EQ
Name: TradingSymbol, dtype: object",4838,1000.0,1000.0,1000.0,0.0,0.0
37,"1469    LIQUIDETF-EQ
Name: TradingSymbol, dtype: object",1927,1000.0,1000.0,1000.0,0.0,0.0
38,"1471    LIQUIDBETF-EQ
Name: TradingSymbol, dtype: object",23915,999.99,1000.0,1000.0,0.0010000100000990915,0.0
39,"1482    LICNETFSEN-EQ
Name: TradingSymbol, dtype: object",11441,795.0,890.1,890.4,11.9622641509434,-0.033692722371962545
40,"1483    LICNETFN50-EQ
Name: TradingSymbol, dtype: object",11319,239.75,269.5,269.21,12.408759124087592,0.10772259574310779
41,"1484    LICNETFGSC-EQ
Name: TradingSymbol, dtype: object",6062,25.02,25.75,25.64,2.9176658673061566,0.4290171606864252
42,"1661    JETFREIGHT-EQ
Name: TradingSymbol, dtype: object",7211,13.85,13.25,13.58,-4.332129963898915,-2.430044182621503
43,"1688    ITIETF-EQ
Name: TradingSymbol, dtype: object",22365,35.63,41.8,41.79,17.316867808026927,0.023929169657808114
44,"1690    ITETFADD-EQ
Name: TradingSymbol, dtype: object",17207,34.42,39.76,39.58,15.514235909355016,0.4547751389590695
45,"1691    ITETF-EQ
Name: TradingSymbol, dtype: object",19633,34.37,39.67,39.81,15.420424789060242,-0.3516704345641813
46,"1736    INFRAIETF-EQ
Name: TradingSymbol, dtype: object",10723,85.23,95.55,95.5,12.108412530799006,0.0523560209424054
47,"1936    HEALTHIETF-EQ
Name: TradingSymbol, dtype: object",3626,119.5,134.55,134.1,12.594142259414236,0.33557046979867045
48,"2046    GSEC5IETF-EQ
Name: TradingSymbol, dtype: object",8342,55.12,56.54,56.41,2.5761973875181456,0.23045559297997265
49,"2048    GSEC10IETF-EQ
Name: TradingSymbol, dtype: object",13143,227.24,233.29,233.0,2.662383383207174,0.12446351931330131
50,"2151    GOLDIETF-EQ
Name: TradingSymbol, dtype: object",19679,63.87,64.49,63.89,0.9707217786128033,0.9391141023634283
51,"2153    GOLDETFADD-EQ
Name: TradingSymbol, dtype: object",15356,72.6,73.2,72.2,0.8264462809917473,1.3850415512465373
52,"2154    GOLDETF-EQ
Name: TradingSymbol, dtype: object",14286,72.75,73.0,72.7,0.3436426116838488,0.41265474552956966
53,"2248    FMCGIETF-EQ
Name: TradingSymbol, dtype: object",5306,549.9,63.59,62.97,-88.4360792871431,0.9845958392885573
54,"2265    FINIETF-EQ
Name: TradingSymbol, dtype: object",12578,23.21,25.5,25.67,9.866436880654886,-0.6622516556291457
55,"2359    EBBETF0433-EQ
Name: TradingSymbol, dtype: object",13139,1105.25,1129.0,1130.0,2.1488351051798236,-0.08849557522123894
56,"2360    EBBETF0431-EQ
Name: TradingSymbol, dtype: object",22239,1210.13,1233.2,1232.0,1.9064067496880446,0.0974025974026011
57,"2361    EBBETF0430-EQ
Name: TradingSymbol, dtype: object",16253,1354.5,1383.0,1383.1,2.104097452934662,-0.007230135203521731
58,"2362    EBBETF0425-EQ
Name: TradingSymbol, dtype: object",22243,1202.0,1222.5,1222.5,1.7054908485856906,0.0
59,"2495    CPSEETF-EQ
Name: TradingSymbol, dtype: object",2328,83.5,102.87,103.0,23.197604790419167,-0.1262135922330053
60,"2505    CONSUMIETF-EQ
Name: TradingSymbol, dtype: object",6446,102.68,117.38,116.61,14.31632255551226,0.660320727210356
61,"2514    COMMOIETF-EQ
Name: TradingSymbol, dtype: object",13198,85.9,95.0,94.1,10.593713620488934,0.9564293304994748
62,"2616    BSLSENETFG-EQ
Name: TradingSymbol, dtype: object",5957,71.96,79.75,79.94,10.825458588104514,-0.23767825869401768
63,"2622    BSLGOLDETF-EQ
Name: TradingSymbol, dtype: object",23804,65.64,65.7,65.46,0.09140767824497605,0.36663611365720916
64,"2625    BSE500IETF-EQ
Name: TradingSymbol, dtype: object",3001,34.19,39.06,39.05,14.243930973969011,0.025608194622292232
65,"2728    BBNPNBETF-EQ
Name: TradingSymbol, dtype: object",24117,52.43,52.55,51.03,0.22887659736791424,2.978640015677045
66,"2730    BBETF0432-EQ
Name: TradingSymbol, dtype: object",7196,1134.13,1158.5,1159.51,2.148783649140741,-0.08710576019180438
67,"2741    BANKIETF-EQ
Name: TradingSymbol, dtype: object",11037,47.56,53.4,53.16,12.279226240538259,0.4514672686230286
68,"2742    BANKETFADD-EQ
Name: TradingSymbol, dtype: object",13644,47.81,53.2,53.16,11.273792093704245,0.07524454477051591
69,"2743    BANKETF-EQ
Name: TradingSymbol, dtype: object",17419,471.56,527.25,527.74,11.80973789125456,-0.09284875127904064
70,"2744    BANKBETF-EQ
Name: TradingSymbol, dtype: object",21986,47.14,52.73,52.78,11.858294442087391,-0.09473285335355108
71,"2780    AXISTECETF-EQ
Name: TradingSymbol, dtype: object",3010,365.0,411.98,411.28,12.871232876712334,0.1702003501264456
72,"2783    AXISHCETF-EQ
Name: TradingSymbol, dtype: object",3608,119.0,133.12,134.01,11.865546218487399,-0.6641295425714397
73,"2785    AXISCETF-EQ
Name: TradingSymbol, dtype: object",5732,102.3,119.2,116.06,16.52003910068427,2.705497156643116
74,"2787    AXISBPSETF-EQ
Name: TradingSymbol, dtype: object",3530,11.68,11.92,11.87,2.054794520547947,0.4212299915754062
75,"2788    AXISBNKETF-EQ
Name: TradingSymbol, dtype: object",1044,478.01,535.72,534.83,12.072969184745096,0.16640801750088557
76,"2803    AUTOIETF-EQ
Name: TradingSymbol, dtype: object",7844,21.92,25.97,25.9,18.47627737226276,0.2702702702702714
77,"2916    ALPL30IETF-EQ
Name: TradingSymbol, dtype: object",22344,264.45,29.92,29.89,-88.68595197579882,0.10036801605888637
78,"2918    ALPHAETF-EQ
Name: TradingSymbol, dtype: object",19640,23.76,28.84,28.9,21.380471380471374,-0.20761245674740042
79,"3018    ABSLBANETF-EQ
Name: TradingSymbol, dtype: object",13987,47.8,53.7,53.26,12.343096234309636,0.8261359369132648
